comName,count
Paloma doméstica,1308
Diucón,1308
Yeco,1308
Paloma de alas blancas,1308
Diuca común,1308
Pato jergón chico,1308
Gorrión,1308
Golondrina chilena,1308
Tordo,1308
Churrete patagónico,1308
Loica común,1308
Cachudito común,1308
Garza chica,1308
Jilguero austral,1308
Jote de cabeza colorada,1308
Pelícano de Humboldt,1308
Pato jergón grande,1308
Chirihue común,1308
Garza grande,1308
Jote de cabeza negra,1308
Picaflor chico,1308
Tórtola,1308
Gaviota dominicana,1308
Tiuque,1308
Cotorra,1308
Bandurria común,1308
Queltehue común,1308
Zorzal patagónico,1308
Chincol,1308
Tijeral común,1308
Chercán común,1308
Gaviota cáhuil,1308
Rara,1308
Tenca chilena,1308
Rayadito,1308
Tagua común,1308
Pilpilén común,1308
Cernícalo,1308
Huairavo común,1307
Aguilucho común,1306
Pitío austral,1306
Traro,1306
Tortolita cuyana,1306
Cometocino patagónico,1306
Zarapito común,1306
Carpinterito,1306
Pato real,1306
Torcaza,1305
Peuco,1305
Cisne de cuello negro,1304
Trile,1304
Pato colorado,1304
Mirlo común,1303
Cormorán imperial,1303
Codorniz,1302
Cisne coscoroba,1299
Piquero de Humboldt,1299
Pimpollo común,1299
Gaviota garuma,1298
Huala,1298
Cometocino de Gay,1297
Perrito,1294
Choroy,1294
Chucao,1293
Tagua de frente roja,1292
Pilpilén negro,1292
Colegial austral,1292
Pidén común,1292
Churrete acanelado,1289
Cachaña,1285
Trabajador,1282
Garza cuca,1282
Águila,1281
Chuncho austral,1280
Garza bueyera,1280
Picurio,1280
Tagua chica,1278
Siete colores,1278
Caiquén,1276
Yal común,1276
Turca,1272
Bailarín,1271
Churrín del sur,1265
Tagüita común,1263
Lile,1263
Pato juarjual,1252
Colilarga,1250
Martín pescador,1248
Bailarín chico común,1248
Cóndor,1244
Pato cuchara,1242
Blanquillo,1240
Rayador,1239
Picaflor del norte,1237
Pato rana de pico delgado,1232
Churrín del norte,1227
Churrete chico,1225
Comesebo grande,1211
Pitotoy grande,1210
Canastero chileno,1206
Flamenco chileno,1203
Chercán de las vegas,1195
Pequén,1191
Gaviotín sudamericano,1188
Gaviotín monja,1188
Gaviota austral,1186
Quetru no volador,1185
Churrete costero,1179
Becacina común,1175
Perdiz chilena,1170
Hued-hued del sur,1168
Pitotoy chico,1161
Quetru volador,1159
Guanay,1159
Dormilona tontita,1155
Churrín de la Mocha,1144
Cuervo de pantano común,1138
Cormorán de las rocas,1133
Golondrina de dorso negro,1132
Zarapito de pico recto,1125
Gaviotín piquerito,1120
Viudita,1116
Halcón peregrino,1114
Petrel gigante antártico,1108
Canquén común,1108
Vari ceniciento,1107
Gaviota peruana,1106
Chorlo de collar,1100
Platero,1097
Albatros de ceja negra,1081
Playero vuelvepiedras,1079
Gaviota andina,1077
Chorlo chileno,1077
Fardela negra,1062
Lechuza,1054
Pato gargantillo,1051
Pilpilén austral,1046
Halcón perdiguero,1041
Mero grande,994
Fío-fío,974
Pingüino de Magallanes,973
Tapaculo,971
Playero blanco,966
Tucúquere,960
Tricahue,956
Playero de Baird,955
Minero común,955
Piuquén,952
Chorlo de doble collar,940
Mero gaucho,940
Picaflor gigante,938
Tortolita quiguagua,923
Pingüino de Humboldt,917
Carpintero negro,914
Minero cordillerano,912
Caranca,903
Pato anteojillo,898
Gaviota de Franklin,888
Suri/Ñandú,884
Gallina ciega común,875
Carancho cordillerano,870
Pizarrita,859
Tagüita del norte,857
Gaviotín elegante,849
Bandurrilla común,848
Nuco,825
Comesebo chico,818
Garza azul,810
Chorlo nevado,809
Salteador chileno,808
Pato capuchino,791
Chorlo ártico,779
Canastero chico,778
Tortolita cordillerana,778
Chirihue verdoso,768
Pájaro plomo,760
Perdicita chica,750
Peuquito,749
Dormilona de nuca rojiza,744
Petrel plateado austral,737
Huairavillo,736
Dormilona chica,732
Concón,728
Run-run,723
Cometocino del norte,697
Petrel de barba blanca,690
Paloma manchada,681
Pato de collar,677
Zorzal negro,674
Fardela blanca,673
Chiricoca,670
Chirihue azafrán,652
Playero de las rompientes,649
Pato rinconero,646
Playero grande,643
Golondrina bermeja,642
Petrel gigante subantártico,641
Tagua andina,637
Canastero del sur,634
Golondrina de mar de Wilson/fueguina,633
Loica peruana,629
Bandurrilla de los bosques,625
Saca-tu-real,614
Cuervo de pantano de la puna,612
Chorlo semipalmado,608
Hued-hued castaño,600
Pato cortacorrientes,597
Perdicita cojón,594
Parina grande,593
Canquén colorado,591
Playero de lomo blanco,586
Pato puna,574
Dormilona de ceja blanca,574
Churrete de alas cremas,570
Chirihue dorado,564
Yunco de Humboldt,559
Plebeyo,557
Chorlo de campo,551
Jilguero peruano,550
Yunco de Magallanes,533
Pollito de mar tricolor,512
Tagua gigante,503
Playero semipalmado,483
Colegial del norte,481
Caití,472
Jilguero cordillerano,471
Parina chica,471
Pato rana de pico ancho,470
Churrete de alas blancas,466
Aguilucho de cola rojiza,461
Dormilona fraile,461
Corbatita del norte,454
Chorlo gritón,453
Picaflor de la puna,447
Tortolita boliviana,443
Vencejo chico,437
Chorlo de la puna,433
Picaflor cordillerano,413
Minero chico,412
Minero de la puna,409
Dormilona rufa,396
Chorlo dorado,394
Picaflor de Cora,386
Canastero de cola larga,385
Aguilucho chico,383
Pidencito,374
Pato negro,368
Minero austral,366
Albatros de Salvin,364
Chorlo de Magallanes,351
Dormilona de la puna,350
Canastero del norte,345
Jilguero negro,344
Naranjero,336
Playero enano,336
Carancho de garganta blanca,335
Yal cordillerano,333
Perico cordillerano,330
Gaviotín chico,328
Albatros real del sur,326
Dormilona de frente negra,324
Tagua cornuda,321
Chirihue cordillerano,317
Golondrina de los riscos,314
Bandurrilla de pico recto,306
Playero ártico,302
Tortolita de la puna,301
Cachudito del norte,300
Chirihue austral,299
Petrel de Westland,297
Semillero,296
Chorlo cabezón,295
Minero grande,288
Tijeral listado,282
Comesebo de los tamarugales,279
Pingüino rey,275
Mirlo de pico corto,275
Dormilona gigante,265
Albatros de cabeza gris,264
Petrel damero,264
Albatros real del norte,261
Mero de Tarapacá,261
Playero manchado,260
Golondrina de mar negra,258
Salteador chico,246
Chorlito cordillerano,242
Tenca de alas blancas,237
Diuca de alas blancas,236
Pitío del norte,235
Cazamoscas chocolate,235
Dormilona cenicienta,235
Albatros de Buller,235
Cometocino de dorso castaño,235
Pitajo gris,233
Queltehue de la puna,231
Comesebo negro,224
Playero pectoral,224
Petrel azulado,223
Piquero blanco,221
Bandurrilla de Arica,216
Perdiz de la puna,216
Ave fragata grande,214
Petrel de Masatierra,213
Snowy Albatross,207
Petrel de Juan Fernández,201
Chuncho del norte,200
Perdicita cordillerana,199
Bandurrilla de la puna,198
Perdiz cordillerana,198
Pato criollo,195
Faisán de collar,194
Golondrina barranquera,193
Pollito de mar rojizo,191
Tenca patagónica,191
Canastero de las quebradas,189
Yal austral,185
Negrillo,182
Petrel-paloma de pico delgado,180
Patagón,177
Bandurria de la puna,175
Matacaballos,172
Golondrina de mar chica,170
Perdiz copetona,168
Cazamoscas de pico chato,167
Pájaro amarillo,164
Picaflor azul,163
Playero de patas largas,156
Gaviotín boreal,155
Cachudito de cresta blanca,151
Golondrina grande,149
Pato criollo x Pato de collar (híbrido),147
Pitajo rojizo,147
Golondrina de mar de vientre negro,139
Fardela capirotada,135
Jilguero grande,134
Albatros de manto claro,132
Gallina ciega chica,131
Petrel de collar gris ,131
Águila pescadora,129
Perdicita austral,127
Suirirí boreal,123
Burrito negruzco,120
Petrel-paloma antártico,120
Pingüino de penacho amarillo,115
Zanate mexicano,109
Golondrina de mar Pincoya,108
Cometocino de Arica,106
Pidén austral,92
Bailarín chico pálido,91
Garza tricolor,90
Carancho negro,89
Petrel de Kermadec,88
Fardela atlántica,88
Gaviotín de pico negro,86
Becacina de la puna,85
Chirihue puneño,84
Gaviotín de Sandwich,79
Golondrina de mar de collar,79
Ave del trópico de cola roja,77
Gaviotín de San Félix,74
Gaviotín de San Ambrosio,71
Benteveo,71
Cazamoscas tijereta,71
Petrel de Masafuera,65
Ánsar común,63
Perdiz austral,62
Bailarín chico peruano,60
Gallo,60
Golondrina peruana,59
Paloma antártica,56
Mero de la puna,55
Albatros de Chatham,55
Picaflor de Juan Fernández,54
Playero occidental,53
Fardela de Pascua,53
Suirirí real,52
Fardela de dorso gris,51
Gaviota de las Galápagos,49
Ave del trópico de cola blanca,49
Becacina grande,48
Zarapito moteado,47
Petrel de Herald,47
Vencejo de chimenea,47
Fardela chica,45
Cachudito de Juan Fernández,45
Batitú,44
Yunco de los canales,44
Becacina pintada,43
Chirihue de Raimondi,42
Cacatúa ninfa,41
Golondrina de mar peruana,40
Petrel de Fénix,40
Becacina chica,40
Perdiz andina,40
Churrete austral,39
Gaviotín ártico,39
Albatros de las Antípodas/de Gibson,39
Petrel de Henderson,38
Pingüino macaroni,35
Barnacla cariblanca,34
Gaviotín apizarrado,34
Salteador de cola larga,34
Playero gris,31
Snares Penguin,30
Pingüino papúa,29
Golondrina de mar de vientre blanco,29
Vencejo de collar,29
Gaviota de capucho gris,27
Ave del trópico de pico rojo,25
Pitotoy solitario,25
Comesebo gigante,24
Green-barred Woodpecker,24
Salteador pomarino,22
Piquero de Cocos,20
Catita australiana,19
Red-tailed Comet,19
Albatros de las Galápagos,19
Cardenal,16
Huairavo de corona amarilla,16
Tagüita purpúrea,16
Zorzal chalchalero,15
Lavandera blanca,14
Petrel de alas negras,14
Pillo,13
Pingüino azul,13
Pollito de mar boreal,13
Piquero de patas rojas,13
Celestino,13
Birro común,13
Pirincho,12
Birro gris,12
Pato de alas azules,12
Cortarramas,11
Piquero de Nazca,10
Gaviota de Sabine,10
Verderón de ojos rojos,9
Golondrina parda,9
Petrel de Murphy,9
Milano tijereta,9
Pintaguá,9
Golondrina de mar de cara blanca,9
Albatros de frente blanca,8
Golondrina de mar oscura,8
Gallineta,8
Rosella elegante,7
Agapornis de Fischer,7
Ave fragata magnífica,7
Golondrina de cabeza rojiza,7
Estornino pinto,6
Cotorra de Kramer,6
Tenca castaña,6
Petrel de Kerguelen,6
Rabadilla roja,6
Monjita coronada,6
Agapornis personata,6
Aguilucho de ala rojiza,6
Pato silbón de ala blanca,6
Garcita azulada,6
Rayadito de Masafuera,5
Jabirú,5
Cazamoscas de cola corta,5
Gaviotín negro,5
Viudita negra,5
Cigüeña de cabeza pelada,5
Canario,5
Golondrina negra,5
Gaviota reidora,4
Ringed Teal,4
Gaviotín chico boreal,4
Zarapito de cola barrada,4
Golondrina de mar subantártica,4
Pavo real,4
Pato colorado euroasiático,4
Loica argentina,4
Salteador pardo,4
Charlatán,4
Gaviotín real,4
Pato mandarín,4
Rosella eximius,3
Gallina ciega peruana,3
Benteveo de vientre azufre,3
Petrel de Cook,3
Agapornis roseicollis,3
Guacamayo de frente castaña,3
Espátula,2
Golondrina de mar polinésica,2
Salteador polar,2
Paloma picazuró,2
Cotorra de cabeza roja,2
Pibí occidental,2
Corbatita de doble collar,2
Picogrueso dorado,2
Diamante mandarín,2
Petrel de las Galápagos,2
Petrel de frente blanca,2
Calancate cabeza azul,2
Pepitero,2
Blue-winged x Cinnamon Teal (hybrid),2
Albatros oscuro,2
Zorzalito de Swainson,2
African Collared-Dove,2
Piquero de patas azules,2
Aguilucho langostero,1
Benteveo rayado,1
Golondrina de mar boreal,1
Birro grande,1
Milano boreal,1
Ánsar cisnal,1
Malvasía canela,1
Pato joyuyo,1
Petrel de cuello blanco,1
Pingüino emperador,1
Cisne negro,1
Plush-crested Jay,1
Arrocero americano,1
Candelita americana,1
Pingüino antártico,1
Picaflor de garganta blanca,1
Águila negra,1
Reinita estriada,1
Petrel Atlántico,1
Fardela del Pacífico,1
Petrel gris,1
Scissor-tailed Nightjar,1
Pato crestudo,1
Huairavillo de dorso negro,1
Golondrina doméstica,1
Piranga de cara roja,1
Bolsero de Baltimore,1
Petrel de cara gris,1
Playero zarapito,1
Yunco geórgico,1
Petrel antártico,1
